modelo,variavel,h,q16,q50,q84
Baseline (K = 5),PIB real,0,-0.11578457557581195,0.03285523279889601,0.1411129018655493
Baseline (K = 5),PIB real,1,-0.1009027862389153,0.01717321206899054,0.11308806494478618
Baseline (K = 5),PIB real,2,-0.09955569183727869,0.023628560508649102,0.11730241138349096
Baseline (K = 5),PIB real,3,-0.09871618891701178,0.02334650479179671,0.12838488221167732
Baseline (K = 5),PIB real,4,-0.10776708745890998,0.021195647440498046,0.13860382584135572
Baseline (K = 5),PIB real,5,-0.11224431992119119,0.038295286482207036,0.15729506463463777
Baseline (K = 5),PIB real,6,-0.09974511640406941,0.054354482171351276,0.17877464834328233
Baseline (K = 5),PIB real,7,-0.08901562010432706,0.06449444284681358,0.19820228418285446
Baseline (K = 5),PIB real,8,-0.07978183626203962,0.07787076462553427,0.21886735466026627
Baseline (K = 5),PIB real,9,-0.07771870887181052,0.0865334196374927,0.23930245844422293
Baseline (K = 5),PIB real,10,-0.07665403807050013,0.09143901960711398,0.25577357859011834
Baseline (K = 5),PIB real,11,-0.06642362993631687,0.10028640477601672,0.26589368963774385
Baseline (K = 5),PIB real,12,-0.06823155612723296,0.10621484528611216,0.27223751266900476
Baseline (K = 5),PIB real,13,-0.06743649093420268,0.10731604484998078,0.2808119015506578
Baseline (K = 5),PIB real,14,-0.0709937669355939,0.10584708360157065,0.2871359157376758
Baseline (K = 5),PIB real,15,-0.07247055109577652,0.10494588932825141,0.28756401238132917
Baseline (K = 5),PIB real,16,-0.07598982241524715,0.101180025965799,0.28254480382363684
Baseline (K = 5),PIB real,17,-0.07799219943924632,0.09730561680002693,0.27576144194318863
Baseline (K = 5),PIB real,18,-0.08084005689362703,0.09350658317455801,0.26366819306003564
Baseline (K = 5),PIB real,19,-0.08069960271785312,0.09389118724544826,0.2582047923635054
Baseline (K = 5),PIB real,20,-0.08304124705434086,0.08601392460040559,0.254174226447303
Baseline (K = 5),PIB real,21,-0.08590278147620113,0.08195510808857748,0.2496130868936789
Baseline (K = 5),PIB real,22,-0.08950448206489268,0.07825377654938474,0.24596295738504562
Baseline (K = 5),PIB real,23,-0.08697342894349688,0.07697431028667047,0.24158510091558005
Baseline (K = 5),PIB real,24,-0.08578805264175235,0.07097649118165901,0.2387763293663306
Baseline (K = 5),PIB real,25,-0.08775536201370004,0.0664302890720106,0.23280085846299914
Baseline (K = 5),PIB real,26,-0.09213202019312276,0.06369409195674827,0.22451944164893792
Baseline (K = 5),PIB real,27,-0.0976857087968833,0.05872040835668871,0.2193692952925785
Baseline (K = 5),PIB real,28,-0.10255232701310567,0.05502078967719034,0.21983663231100375
Baseline (K = 5),PIB real,29,-0.1062297987024291,0.05312307409677416,0.22209189653353922
Baseline (K = 5),PIB real,30,-0.10915866754022972,0.052918885199478745,0.22327689838810105
Baseline (K = 5),PIB real,31,-0.11277232519219431,0.05023254249925427,0.22095323748579457
Baseline (K = 5),PIB real,32,-0.11328382699518441,0.0466561200908622,0.22269022508177883
Baseline (K = 5),PIB real,33,-0.11297710356659721,0.04366211478967312,0.22189596623678548
Baseline (K = 5),PIB real,34,-0.11357891716882115,0.04403115636122159,0.2200339717438197
Baseline (K = 5),PIB real,35,-0.11325774706675959,0.040852779384562186,0.2219774671862732
Baseline (K = 5),PIB real,36,-0.11198012703542372,0.040539703515613396,0.2199471906909073
Baseline (K = 5),PIB real,37,-0.11013126054519054,0.04129335157352747,0.21831716398549691
Baseline (K = 5),PIB real,38,-0.1078653174511668,0.04231350079483684,0.2173595707842602
Baseline (K = 5),PIB real,39,-0.10585721418651306,0.045102513256723875,0.21750540276623237
Baseline (K = 5),PIB real,40,-0.10767677418764976,0.04490259105798808,0.22066089507596712
Baseline (K = 5),PIB real,41,-0.11028912104762247,0.043264501729810646,0.22263080509131988
Baseline (K = 5),PIB real,42,-0.10926940791258931,0.04351860037609677,0.22312911557413315
Baseline (K = 5),PIB real,43,-0.10757624402461825,0.043751155457514394,0.22172494197480075
Baseline (K = 5),PIB real,44,-0.10664004261658418,0.04494224909934244,0.22414166840853295
Baseline (K = 5),PIB real,45,-0.10624482659707517,0.0447828193087145,0.22515012455548195
Baseline (K = 5),PIB real,46,-0.10843223978248621,0.05164851444886408,0.22519052514429494
Baseline (K = 5),PIB real,47,-0.10898308356156305,0.05390481888444484,0.22579888957856614
Baseline (K = 5),PIB real,48,-0.10618634943734814,0.058672097720596866,0.22517192436806485
Baseline (K = 5),PIB real,49,-0.10325188879380699,0.060192988981169024,0.2274241330475204
Baseline (K = 5),PIB real,50,-0.10022436350296718,0.061798842279394105,0.23184314979202444
Baseline (K = 5),PIB real,51,-0.09716987181511227,0.06400967207914188,0.23561401231678117
Baseline (K = 5),PIB real,52,-0.09412339376138916,0.06610343089037045,0.23901961816083642
Baseline (K = 5),PIB real,53,-0.09184803611839693,0.06713355937316173,0.24203831087506528
Baseline (K = 5),PIB real,54,-0.0956449491188777,0.06815571484265034,0.2436830985517956
Baseline (K = 5),PIB real,55,-0.09614722788105749,0.06841927810704485,0.24636552620439175
Baseline (K = 5),PIB real,56,-0.09506026398855456,0.06878286028316352,0.24903534866390412
Baseline (K = 5),PIB real,57,-0.09609171671575636,0.06901562053620361,0.25070744903327696
Baseline (K = 5),PIB real,58,-0.09828011474099242,0.06911288821870779,0.25093820584317356
Baseline (K = 5),PIB real,59,-0.098373043201803,0.06984088521463823,0.25157751721440524
Baseline (K = 5),PIB real,60,-0.094846659441757325,0.07563790169185691,0.2548634357600127
K = 2,PIB real,0,-0.1123381790538758,-0.006289817686106513,0.12329026398563005
K = 2,PIB real,1,-0.10931754284513324,-0.01623895213827449,0.09766605890483022
K = 2,PIB real,2,-0.1074677665871053,-0.005006630917094937,0.10947176725712299
K = 2,PIB real,3,-0.11865077265304247,-0.004738574350330706,0.12241839385512049
K = 2,PIB real,4,-0.12336713208261457,-0.003533531298445332,0.13789660472698942
K = 2,PIB real,5,-0.11630864435909777,0.016591017067761345,0.15852396967923882
K = 2,PIB real,6,-0.11196653132314943,0.02563120942584731,0.18315015246758426
K = 2,PIB real,7,-0.10426163473594989,0.040877055186857573,0.19825401707904577
K = 2,PIB real,8,-0.09592121067418585,0.05306132119140035,0.21905635732817963
K = 2,PIB real,9,-0.08432341584421826,0.06172014798494225,0.24128266459137612
K = 2,PIB real,10,-0.07609842455283532,0.07118916438027487,0.25036201903534583
K = 2,PIB real,11,-0.07381555956947339,0.07891175908902867,0.24871010175075942
K = 2,PIB real,12,-0.07621049672775129,0.08119239616996891,0.25450701050327623
K = 2,PIB real,13,-0.06561429756487729,0.08135545454009871,0.2545700927874085
K = 2,PIB real,14,-0.0698860958459911,0.07065663697540557,0.25270596957630986
K = 2,PIB real,15,-0.07468925603304867,0.06582373732905442,0.25248098657706175
K = 2,PIB real,16,-0.07921086707833916,0.0644165787887864,0.24877093624359456
K = 2,PIB real,17,-0.08566297776550144,0.06644453230183836,0.23685937289848255
K = 2,PIB real,18,-0.09161506806382005,0.061480203724811736,0.23035082153140693
K = 2,PIB real,19,-0.08932765288748092,0.05730482857816241,0.22629934609083274
K = 2,PIB real,20,-0.09571883569938103,0.05343593199865232,0.21714952264919873
K = 2,PIB real,21,-0.09975823477004842,0.047763372229607665,0.22406048225710287
K = 2,PIB real,22,-0.10431179989681305,0.04419846289112668,0.21816865732480084
K = 2,PIB real,23,-0.10360170148671355,0.03967418795360535,0.2124884221298055
K = 2,PIB real,24,-0.10598831270176791,0.03125095867841478,0.20446457111795924
K = 2,PIB real,25,-0.10651006306421484,0.026588330151064696,0.198246345247858
K = 2,PIB real,26,-0.10997116679329372,0.021440892343534954,0.19851263115915613
K = 2,PIB real,27,-0.11102604347662767,0.019670829545546,0.19717153382662064
K = 2,PIB real,28,-0.11248988310076286,0.01839040157101659,0.19481960086585123
K = 2,PIB real,29,-0.11369933044242832,0.010271357903972596,0.19752137816832857
K = 2,PIB real,30,-0.11324249880401029,0.00896404825301671,0.198849745269012
K = 2,PIB real,31,-0.11604863625665346,0.008973475179995478,0.1993708311926736
K = 2,PIB real,32,-0.1131340959752965,0.00962536040190869,0.2014381523873349
K = 2,PIB real,33,-0.11246801329816997,0.00959928813396101,0.19865614911011514
K = 2,PIB real,34,-0.11372956400550971,0.009180199699973043,0.19914310292607149
K = 2,PIB real,35,-0.1159442805135258,0.010116826091258954,0.19739033604142853
K = 2,PIB real,36,-0.11612918415328673,0.00919566377220338,0.19702029500285875
K = 2,PIB real,37,-0.11649339537490919,0.007809831502580288,0.194208179722034
K = 2,PIB real,38,-0.1155245685290105,0.008309450189764603,0.19442202348162654
K = 2,PIB real,39,-0.11402767043572334,0.008926596605493223,0.19527920622191017
K = 2,PIB real,40,-0.11343370716721568,0.009474463083943261,0.1952496273659905
K = 2,PIB real,41,-0.1143959237811902,0.009966284093426689,0.19471734958546907
K = 2,PIB real,42,-0.11293000157821068,0.013962161043635323,0.19517557241986588
K = 2,PIB real,43,-0.11165790013692051,0.02102618764932751,0.19919305913518193
K = 2,PIB real,44,-0.11255671117067999,0.02281366195232663,0.2050780073104418
K = 2,PIB real,45,-0.10876965573803017,0.023738390987355723,0.20869863566957025
K = 2,PIB real,46,-0.10732044621286632,0.024463185043615707,0.20689916713474216
K = 2,PIB real,47,-0.1088188947699564,0.024739110911043735,0.20559824836356996
K = 2,PIB real,48,-0.1103030975536031,0.02665750787613891,0.20397539182413843
K = 2,PIB real,49,-0.1086251191628454,0.026548184720001526,0.20406118841663773
K = 2,PIB real,50,-0.1063959466295884,0.03079125757628718,0.204949594004609
K = 2,PIB real,51,-0.10516713904020447,0.03428628699907231,0.20516325978320626
K = 2,PIB real,52,-0.10448384794863855,0.03547915780217308,0.21470202321032272
K = 2,PIB real,53,-0.10348852580566639,0.03690242455209604,0.21874327932781115
K = 2,PIB real,54,-0.10317730252809665,0.039179968937810145,0.2226363963498524
K = 2,PIB real,55,-0.10323177963281538,0.03998782187151699,0.2183242295834406
K = 2,PIB real,56,-0.10019085114512642,0.04061234435825636,0.21924106168774765
K = 2,PIB real,57,-0.0993818954074474,0.042094584095133586,0.21958638822967405
K = 2,PIB real,58,-0.09888456095614231,0.04296479579242766,0.21835231389015364
K = 2,PIB real,59,-0.09931449289489346,0.04405608775108258,0.21678358449768786
K = 2,PIB real,60,-0.0983664359746598,0.04509672017033495,0.21512991060896183
K = 11,PIB real,0,-0.09490718598174575,0.014184364537304888,0.13538514906198423
K = 11,PIB real,1,-0.1056353644159947,-0.0036457262240115864,0.1030696614552723
K = 11,PIB real,2,-0.09906053036492912,0.004003604538463449,0.10542796454329216
K = 11,PIB real,3,-0.10826460035247168,0.007141199604638048,0.1088805488924099
K = 11,PIB real,4,-0.10941008635170432,0.011114937008651928,0.11816793542448362
K = 11,PIB real,5,-0.11135900440326549,0.013313292343733076,0.1278868654208345
K = 11,PIB real,6,-0.10486250272217196,0.02398369299707145,0.14149362830749318
K = 11,PIB real,7,-0.09591485171671557,0.03482656359658857,0.15372710239500403
K = 11,PIB real,8,-0.08676228668007561,0.0488817421309619,0.17427289325111628
K = 11,PIB real,9,-0.0818706507317805,0.05660407480026497,0.19286717565122596
K = 11,PIB real,10,-0.06530958113914627,0.06784403679452357,0.20697596329561874
K = 11,PIB real,11,-0.05562442761700706,0.08023605554591463,0.21600751757373948
K = 11,PIB real,12,-0.06254683255284514,0.07919517133607648,0.22469677744112954
K = 11,PIB real,13,-0.058709906362356276,0.08137623779695854,0.23168707128981994
K = 11,PIB real,14,-0.060960501121100914,0.08494272504972436,0.23539141823585344
K = 11,PIB real,15,-0.060858849604554545,0.08876040709296253,0.24104056515443834
K = 11,PIB real,16,-0.05905699445781125,0.09275520129958181,0.2430409976386456
K = 11,PIB real,17,-0.061006906564867534,0.09116063386947015,0.2400278024981685
K = 11,PIB real,18,-0.061678600433074465,0.0915415273768142,0.23167630259568342
K = 11,PIB real,19,-0.062049428455082864,0.09514931493086708,0.2287024765573427
K = 11,PIB real,20,-0.06104773991198686,0.09301558495944331,0.23243537501105754
K = 11,PIB real,21,-0.06147477833723921,0.08864171042961959,0.22879432658642612
K = 11,PIB real,22,-0.061868206986850485,0.08430465523693004,0.22540208414275023
K = 11,PIB real,23,-0.0663493566896399,0.08195971686133695,0.2230498087110142
K = 11,PIB real,24,-0.06630209067865109,0.0815422512973083,0.221281364807024
K = 11,PIB real,25,-0.07296485226065536,0.07491241914763755,0.2187294089700971
K = 11,PIB real,26,-0.07071872716745761,0.07050792957111648,0.21754657217798704
K = 11,PIB real,27,-0.07262996891865363,0.07033957675201011,0.2145539013571784
K = 11,PIB real,28,-0.07549241286217391,0.06998847142275355,0.21251991760111005
K = 11,PIB real,29,-0.07855140156929456,0.07041658891101897,0.2111579873293453
K = 11,PIB real,30,-0.08131700462329364,0.07108180146019205,0.21050548035002692
K = 11,PIB real,31,-0.08423886607649464,0.07055432122339246,0.21017632596463093
K = 11,PIB real,32,-0.08688018053724816,0.071640533187633,0.21372082925212724
K = 11,PIB real,33,-0.0896797835379492,0.07104638669737094,0.21631680090913577
K = 11,PIB real,34,-0.09100367336258788,0.07130598014059404,0.21632687446240628
K = 11,PIB real,35,-0.09098051228697848,0.07227587803477734,0.21534397192476099
K = 11,PIB real,36,-0.08938525609996688,0.07301273832954042,0.21521835877609907
K = 11,PIB real,37,-0.08765897224933207,0.07260415255738888,0.21938275949208075
K = 11,PIB real,38,-0.08660702225498786,0.07226057682832769,0.22001843555292253
K = 11,PIB real,39,-0.0872759025267308,0.0739822984633724,0.22379673305173772
K = 11,PIB real,40,-0.09061831588607677,0.07452540895714625,0.22495944702852338
K = 11,PIB real,41,-0.09297877947787639,0.07674021777988976,0.22556980737143323
K = 11,PIB real,42,-0.09301904382323287,0.0770042327758388,0.22928521264835625
K = 11,PIB real,43,-0.0906114976268633,0.07979355285603718,0.2310691735166745
K = 11,PIB real,44,-0.08376582501689393,0.07985882534697876,0.2322725095799127
K = 11,PIB real,45,-0.08240658951949738,0.08152842426122936,0.23557776319180537
K = 11,PIB real,46,-0.08396209250125031,0.08239999773766446,0.23754220780049834
K = 11,PIB real,47,-0.08225021592026986,0.08273106474626735,0.2360158090471899
K = 11,PIB real,48,-0.08046935380523348,0.08278594136398279,0.24110352908271818
K = 11,PIB real,49,-0.07596719435749857,0.08364031464005314,0.24448658753002672
K = 11,PIB real,50,-0.07469299012499667,0.08562342530634295,0.24347656834711012
K = 11,PIB real,51,-0.07314230137412016,0.08732622406714868,0.2475863672975137
K = 11,PIB real,52,-0.07178966877180824,0.08924196628597264,0.2520909576345906
K = 11,PIB real,53,-0.07078874623358956,0.09098477503536587,0.25707260363668266
K = 11,PIB real,54,-0.07027900453257123,0.0919966849502177,0.2624511044951251
K = 11,PIB real,55,-0.07106317683837843,0.09333275823345377,0.26652236984621447
K = 11,PIB real,56,-0.07120521192632806,0.0952468506907459,0.26859025783398127
K = 11,PIB real,57,-0.06987001866860997,0.09695023004296584,0.27061165552277755
K = 11,PIB real,58,-0.06376416480636277,0.09804620699225156,0.2726683789719383
K = 11,PIB real,59,-0.06339987688079005,0.09897027256772957,0.2745525282844515
K = 11,PIB real,60,-0.0638163765910765,0.09970192799471103,0.27618141509407984
K = 23,PIB real,0,-0.07691267425694916,0.023245429701843616,0.13014380408144566
K = 23,PIB real,1,-0.07869336935356766,0.004693033448710334,0.09891750002205864
K = 23,PIB real,2,-0.08368515002808677,0.005470183131115039,0.11068934776760471
K = 23,PIB real,3,-0.08992266249576107,0.007816759800531248,0.11505488463488137
K = 23,PIB real,4,-0.08711327617295614,0.00790538274177885,0.11540415558276047
K = 23,PIB real,5,-0.09197002498601148,0.012842281747722194,0.13120166504621758
K = 23,PIB real,6,-0.09064369528882302,0.017055392683063053,0.14995268767210707
K = 23,PIB real,7,-0.0806298467935604,0.02326053495878806,0.1663078742860552
K = 23,PIB real,8,-0.07020279357328488,0.03415196602685017,0.18843248644813537
K = 23,PIB real,9,-0.060668163164255294,0.049794517923241924,0.2020340892347097
K = 23,PIB real,10,-0.05695301566914051,0.061950911598602595,0.2110181906635199
K = 23,PIB real,11,-0.05585574340842822,0.06915923624276865,0.21696129211547704
K = 23,PIB real,12,-0.04898999615400057,0.07689506057305046,0.22127964034519987
K = 23,PIB real,13,-0.04854193100353288,0.0814103498040469,0.2224720079562405
K = 23,PIB real,14,-0.04523395064778155,0.0825937363861679,0.22741009059064932
K = 23,PIB real,15,-0.047307622709608366,0.08861126879021727,0.2293235578827731
K = 23,PIB real,16,-0.04817847082938562,0.09048655192597954,0.22861062547546668
K = 23,PIB real,17,-0.04648512341077202,0.09145586871258647,0.22865422251041095
K = 23,PIB real,18,-0.04940006653932029,0.09239358025282605,0.22965479853457355
K = 23,PIB real,19,-0.0534892145935557,0.09219508579516912,0.23017600686871606
K = 23,PIB real,20,-0.04676112413955555,0.09294150170870522,0.22846425390315125
K = 23,PIB real,21,-0.05170222662841434,0.09152700006792458,0.22672983479124148
K = 23,PIB real,22,-0.05299403018651201,0.08599719599854556,0.22585011945856864
K = 23,PIB real,23,-0.0527843298854501,0.08156729557130522,0.22560494583820245
K = 23,PIB real,24,-0.0523910871326085,0.07920924777197938,0.22483856534818644
K = 23,PIB real,25,-0.053053975808303636,0.07701867371882767,0.2203013165739965
K = 23,PIB real,26,-0.054649836304693285,0.07737620651953266,0.2166034171232971
K = 23,PIB real,27,-0.05747737525228486,0.07551780491366172,0.21316015756282788
K = 23,PIB real,28,-0.06188874191470214,0.07642960090218741,0.21346047196937293
K = 23,PIB real,29,-0.0636236188744809,0.07346739506633265,0.21419283157744054
K = 23,PIB real,30,-0.06235278717725626,0.07261814030481473,0.21496747414058565
K = 23,PIB real,31,-0.06097628090183286,0.07255720683087921,0.21690373915421896
K = 23,PIB real,32,-0.060064936166730074,0.0720371615594533,0.2192660261837108
K = 23,PIB real,33,-0.05993584085566067,0.07296801224216656,0.22163861690858636
K = 23,PIB real,34,-0.05936447373446991,0.0731212560634284,0.22371626806945324
K = 23,PIB real,35,-0.059376066798950806,0.07545594779927514,0.22385178598516908
K = 23,PIB real,36,-0.05963553790352773,0.07510302192579865,0.2229584750651501
K = 23,PIB real,37,-0.06004719118103447,0.07427661586954783,0.22483872851755043
K = 23,PIB real,38,-0.06320636304778808,0.0751208830644659,0.22472605457571043
K = 23,PIB real,39,-0.06306108392543702,0.07402251557404292,0.2244410655679448
K = 23,PIB real,40,-0.06163304969772021,0.07271062122681282,0.22780094337057596
K = 23,PIB real,41,-0.062176694102258914,0.07240748298203961,0.2294913795505094
K = 23,PIB real,42,-0.06266835233618072,0.07256779460010564,0.23141020542930454
K = 23,PIB real,43,-0.06307596831007534,0.07334016472078288,0.22995451832074848
K = 23,PIB real,44,-0.06337301154894838,0.07336190571964155,0.23027799720069075
K = 23,PIB real,45,-0.06001061791608939,0.07483442091234721,0.23087373055870675
K = 23,PIB real,46,-0.05946199204677924,0.07529352745799031,0.2313775676106048
K = 23,PIB real,47,-0.05883305851276019,0.07504201602240279,0.2326386393518111
K = 23,PIB real,48,-0.059285221132023905,0.07579469815887682,0.23492828395592577
K = 23,PIB real,49,-0.05906346020000535,0.07883810399052404,0.240037707892872
K = 23,PIB real,50,-0.05781068527852122,0.07920427410910888,0.2408362945362979
K = 23,PIB real,51,-0.05533380912656582,0.08020211442889415,0.2432504726556652
K = 23,PIB real,52,-0.05536355758054234,0.08345863728036189,0.2446266672961003
K = 23,PIB real,53,-0.05553636223308008,0.08527710829425246,0.25007729727475414
K = 23,PIB real,54,-0.05169512946928559,0.08708189181661438,0.2518563500918132
K = 23,PIB real,55,-0.048011235363953554,0.08981826784250788,0.2514511644882666
K = 23,PIB real,56,-0.044327456211386444,0.09153437065018094,0.2515861463116302
K = 23,PIB real,57,-0.04282660714962761,0.09309608641197115,0.2515740883323278
K = 23,PIB real,58,-0.042016724351796826,0.09389433752133423,0.2537941408186909
K = 23,PIB real,59,-0.04124993312004853,0.09453613219913719,0.2563686584845345
K = 23,PIB real,60,-0.04052982959950506,0.09516443733874166,0.2591429464787625
6 lags,PIB real,0,-0.13896227890128796,-0.013758515752345175,0.11501449541196908
6 lags,PIB real,1,-0.1452687186318511,-0.028385580119988055,0.08461549097688426
6 lags,PIB real,2,-0.14940095089577043,-0.015945268171274334,0.09301446712068283
6 lags,PIB real,3,-0.15609682606066547,-0.02490061737279786,0.10059831633012915
6 lags,PIB real,4,-0.16025769605060375,-0.03138211799503983,0.11334173652211106
6 lags,PIB real,5,-0.16737295056581356,-0.028464744983136774,0.12344262769004088
6 lags,PIB real,6,-0.16594045323425097,-0.021058629136230494,0.1384433709019952
6 lags,PIB real,7,-0.16432025272599401,-0.007751775351894899,0.15954814739190173
6 lags,PIB real,8,-0.15898256473470984,0.0018863247402076725,0.16186828283687457
6 lags,PIB real,9,-0.15588263184671117,0.015740145683260844,0.16772389892568274
6 lags,PIB real,10,-0.14962343104177186,0.023034862220993546,0.1783404308503068
6 lags,PIB real,11,-0.14991070679984375,0.027166199552658803,0.19042761875579997
6 lags,PIB real,12,-0.14323335056788822,0.0388374274060021,0.19800611984328634
6 lags,PIB real,13,-0.14124454596830127,0.03989955075911811,0.20745095683908396
6 lags,PIB real,14,-0.137430354288338,0.04145173283129562,0.21052541586645102
6 lags,PIB real,15,-0.1414880299053116,0.04086090017731278,0.21324260237355552
6 lags,PIB real,16,-0.1445245970819472,0.03982488998942588,0.21629622170289664
6 lags,PIB real,17,-0.13845479174052383,0.037361864094220626,0.22153184058446063
6 lags,PIB real,18,-0.14544145027581123,0.0329852006801705,0.22076370587090777
6 lags,PIB real,19,-0.1502288680466433,0.03178563669663045,0.2187023169496368
6 lags,PIB real,20,-0.14989601068902397,0.029303597471158724,0.21732986811494856
6 lags,PIB real,21,-0.15519575326750434,0.028088501816546665,0.21076008491186157
6 lags,PIB real,22,-0.16383813016848914,0.02370263102830911,0.21118355383492157
6 lags,PIB real,23,-0.16797435015783904,0.01708283413738671,0.20695688913925606
6 lags,PIB real,24,-0.17420426297971386,0.01578244423815356,0.2071809416030137
6 lags,PIB real,25,-0.17575200990476586,0.01358167299231006,0.20707823197142508
6 lags,PIB real,26,-0.17404462152012667,0.010293232299162985,0.19883395319695432
6 lags,PIB real,27,-0.17435732255895214,0.007693604655326283,0.1866143976143488
6 lags,PIB real,28,-0.17790778268178736,0.005543269782965829,0.18142039624013245
6 lags,PIB real,29,-0.18110487142030307,0.005109300924259696,0.1828451858750892
6 lags,PIB real,30,-0.18494055972441173,0.0031524668794587823,0.18127331438185612
6 lags,PIB real,31,-0.18625688014333844,7.776642915208322e-4,0.17666854089074271
6 lags,PIB real,32,-0.18657582413436363,-1.1936668025411398e-4,0.1759356858220917
6 lags,PIB real,33,-0.19200692695917557,-0.0023243687706060055,0.17573968158924022
6 lags,PIB real,34,-0.19696889279390775,-0.002582242489760939,0.17454691738154776
6 lags,PIB real,35,-0.20013017345341214,-0.00415265216651597,0.17147642597456167
6 lags,PIB real,36,-0.203370267456266,-0.005021168700079737,0.1718981032260231
6 lags,PIB real,37,-0.20368735052647333,-0.007045600508055936,0.17498505562365166
6 lags,PIB real,38,-0.20165440483808486,-0.012638183494068964,0.16812447631671582
6 lags,PIB real,39,-0.20470869075615322,-0.015365163753503601,0.1657884297133365
6 lags,PIB real,40,-0.2031965691279933,-0.016822267606054313,0.16720500288756018
6 lags,PIB real,41,-0.20211472536820407,-0.01679253829934428,0.170074134316751
6 lags,PIB real,42,-0.20292287845796578,-0.01643660314769145,0.17257705456826272
6 lags,PIB real,43,-0.20408894165814373,-0.016951032294458386,0.17488978045639791
6 lags,PIB real,44,-0.20516999243159573,-0.018465557845560768,0.17643025641711335
6 lags,PIB real,45,-0.20617083158738483,-0.021843096572317505,0.1791636716486292
6 lags,PIB real,46,-0.207412173778609,-0.023466953933106285,0.18187934322173302
6 lags,PIB real,47,-0.20844113366790304,-0.024012419647132938,0.18217341135851223
6 lags,PIB real,48,-0.2093508407528461,-0.024003643164422467,0.1795743904443774
6 lags,PIB real,49,-0.20946873797875817,-0.024038161641401323,0.17617972903428758
6 lags,PIB real,50,-0.21049843856557374,-0.02443842982934233,0.17047906016527062
6 lags,PIB real,51,-0.2107192475320212,-0.02386783605730187,0.16466080996748148
6 lags,PIB real,52,-0.21126604147372868,-0.021852424813690593,0.16396559382062473
6 lags,PIB real,53,-0.21175990366697633,-0.021125881236915414,0.16317854723570038
6 lags,PIB real,54,-0.21032235250873452,-0.02046306613311325,0.16257785061938682
6 lags,PIB real,55,-0.2086507668647505,-0.019814402917963478,0.16196517737870106
6 lags,PIB real,56,-0.21157762637390767,-0.019019615207962755,0.16239883616336365
6 lags,PIB real,57,-0.2076749423053903,-0.018022982873763575,0.16487333013815877
6 lags,PIB real,58,-0.2030889825588128,-0.014480884706968152,0.16727471139644323
6 lags,PIB real,59,-0.20111528676699225,-0.012965959586746727,0.16959706547359027
6 lags,PIB real,60,-0.19914253825116593,-0.012485786461632117,0.1720186334860726
Amostra 1997-2008,PIB real,0,-0.1397630182953943,-0.014361194351818096,0.1336363284728059
Amostra 1997-2008,PIB real,1,-0.13590571036240595,-0.0366497430236314,0.07725305243043033
Amostra 1997-2008,PIB real,2,-0.1416694019968401,-0.04017562804451068,0.08473215886191715
Amostra 1997-2008,PIB real,3,-0.1588998083163262,-0.04713517260101614,0.09015127051173222
Amostra 1997-2008,PIB real,4,-0.16249901764381752,-0.0424970811667941,0.08981609880439055
Amostra 1997-2008,PIB real,5,-0.173319495649203,-0.029491480927663474,0.10226565433516642
Amostra 1997-2008,PIB real,6,-0.177508021225393,-0.023293342530766252,0.11885007039745839
Amostra 1997-2008,PIB real,7,-0.18349900594912336,-0.02056252374322997,0.13389063066986628
Amostra 1997-2008,PIB real,8,-0.1814918165668467,-0.019729175426471852,0.14938259773272805
Amostra 1997-2008,PIB real,9,-0.17761193139352824,-0.010194445725482514,0.16330932879605092
Amostra 1997-2008,PIB real,10,-0.16624327559633603,-0.0171803922759697,0.17375295806824695
Amostra 1997-2008,PIB real,11,-0.16717037392754502,-0.009579854030034207,0.17772195332441204
Amostra 1997-2008,PIB real,12,-0.16920303346372997,-0.003979689646711632,0.18204473756645653
Amostra 1997-2008,PIB real,13,-0.17060263900354725,-0.002465859604269084,0.1858043021498151
Amostra 1997-2008,PIB real,14,-0.16960742188594832,-6.421165041418772e-4,0.18645018669074537
Amostra 1997-2008,PIB real,15,-0.1693449186942556,0.0037366588886334953,0.182580905515064
Amostra 1997-2008,PIB real,16,-0.1697204474533545,-4.4747203701984246e-5,0.17312935099164709
Amostra 1997-2008,PIB real,17,-0.16532168275422054,-0.005619325815047134,0.17006433892199718
Amostra 1997-2008,PIB real,18,-0.1652222153638067,-0.00903236717656173,0.16620208343385004
Amostra 1997-2008,PIB real,19,-0.15888828293334067,-0.007539367371728303,0.16288024899705292
Amostra 1997-2008,PIB real,20,-0.16236820835697505,-0.010508021758707065,0.16795479484324918
Amostra 1997-2008,PIB real,21,-0.16733060395869606,-0.017595659453119347,0.16315657117707436
Amostra 1997-2008,PIB real,22,-0.16573633881411975,-0.017260033713087403,0.15645443639069329
Amostra 1997-2008,PIB real,23,-0.1681868818230199,-0.019085890524752267,0.15154097405059916
Amostra 1997-2008,PIB real,24,-0.17533538212234637,-0.021589561469628583,0.14517012503391022
Amostra 1997-2008,PIB real,25,-0.17821253741315818,-0.02338228412896256,0.14394309295846305
Amostra 1997-2008,PIB real,26,-0.17848497715926323,-0.021344575650116847,0.151058796742013
Amostra 1997-2008,PIB real,27,-0.1804541830697788,-0.02275821167056594,0.15042330702816262
Amostra 1997-2008,PIB real,28,-0.1829419223729456,-0.022744067031560296,0.14894587218169797
Amostra 1997-2008,PIB real,29,-0.18226750786166362,-0.02527018852596309,0.14566152070468474
Amostra 1997-2008,PIB real,30,-0.18470462026881285,-0.02928722587702836,0.14384502486759737
Amostra 1997-2008,PIB real,31,-0.18501971149722543,-0.026342392215953244,0.142452804685037
Amostra 1997-2008,PIB real,32,-0.1859319145629054,-0.029557713537175685,0.14584637828157943
Amostra 1997-2008,PIB real,33,-0.18807167048982837,-0.03051184457502392,0.146226121097381
Amostra 1997-2008,PIB real,34,-0.19054667003705117,-0.03122960599478626,0.14635782280399723
Amostra 1997-2008,PIB real,35,-0.19130791883238532,-0.030349536645450287,0.1488582253986506
Amostra 1997-2008,PIB real,36,-0.19838815131792914,-0.03220112873394744,0.1518843769663063
Amostra 1997-2008,PIB real,37,-0.20047267089234191,-0.037322105969818095,0.15379960691855288
Amostra 1997-2008,PIB real,38,-0.2052770729940483,-0.03674297127033101,0.1546672032022721
Amostra 1997-2008,PIB real,39,-0.20849845294651093,-0.03538846089871867,0.15551681801313294
Amostra 1997-2008,PIB real,40,-0.20795992535748606,-0.03396306373735433,0.15598328823525573
Amostra 1997-2008,PIB real,41,-0.21298358614537982,-0.031763631614010274,0.1569965547617379
Amostra 1997-2008,PIB real,42,-0.2118656202881359,-0.030885124977955217,0.15457765774973095
Amostra 1997-2008,PIB real,43,-0.21044755182455652,-0.03049687706569234,0.1511675698652316
Amostra 1997-2008,PIB real,44,-0.21061621106717351,-0.03195237736661553,0.15066759698429527
Amostra 1997-2008,PIB real,45,-0.21253167432796252,-0.03241205208979411,0.14518489344403535
Amostra 1997-2008,PIB real,46,-0.21392810883867466,-0.03383024584398959,0.14870825980184227
Amostra 1997-2008,PIB real,47,-0.21615341538844843,-0.03384047678575426,0.15201782836674474
Amostra 1997-2008,PIB real,48,-0.21557213259080527,-0.030982226250651744,0.15434987941960715
Amostra 1997-2008,PIB real,49,-0.21538115652196024,-0.026146230814367583,0.1542017264479895
Amostra 1997-2008,PIB real,50,-0.21448703989101514,-0.028413691638706443,0.1517431720471595
Amostra 1997-2008,PIB real,51,-0.21387954745964555,-0.030660745097125314,0.15462661663592286
Amostra 1997-2008,PIB real,52,-0.21322975527003932,-0.0289220813494989,0.1543017471671219
Amostra 1997-2008,PIB real,53,-0.21255002272654944,-0.02549006533123087,0.1552434022469339
Amostra 1997-2008,PIB real,54,-0.2118343512739866,-0.021259732536573598,0.15533956754630765
Amostra 1997-2008,PIB real,55,-0.21140409336385774,-0.018918955001824077,0.1540220316662676
Amostra 1997-2008,PIB real,56,-0.21034871963591067,-0.018521199068552326,0.15173791679615845
Amostra 1997-2008,PIB real,57,-0.2109143396300213,-0.020021876051583714,0.15375400256383848
Amostra 1997-2008,PIB real,58,-0.2104568513480397,-0.021615039133712002,0.15340471063061972
Amostra 1997-2008,PIB real,59,-0.21178924669242005,-0.020454557717976506,0.15451934214009888
Amostra 1997-2008,PIB real,60,-0.2134385910190254,-0.019174177415981715,0.1570473356698207
Com fed funds (7 var.),PIB real,0,-0.20467425513015988,-0.05344272754859742,0.07821863730144613
Com fed funds (7 var.),PIB real,1,-0.18046323737766196,-0.06220677761797978,0.06384178213483867
Com fed funds (7 var.),PIB real,2,-0.18260062469451743,-0.05970347707216639,0.08442818680479829
Com fed funds (7 var.),PIB real,3,-0.1959612356367367,-0.05694574004638732,0.07454995016140369
Com fed funds (7 var.),PIB real,4,-0.20378423421091518,-0.05526032322865504,0.08321460160335331
Com fed funds (7 var.),PIB real,5,-0.199134039608845,-0.049174203613856236,0.10113463600414486
Com fed funds (7 var.),PIB real,6,-0.1992409817250857,-0.04512041695859622,0.11516677964766096
Com fed funds (7 var.),PIB real,7,-0.20039996834659304,-0.041984981616297476,0.13134064097754433
Com fed funds (7 var.),PIB real,8,-0.21156568976365409,-0.031304863266086315,0.14451504907348145
Com fed funds (7 var.),PIB real,9,-0.20965043838326766,-0.013921105045036568,0.15676562465375596
Com fed funds (7 var.),PIB real,10,-0.2032032558593927,-0.007784163144204813,0.1616370504633231
Com fed funds (7 var.),PIB real,11,-0.2070211316144749,-0.003436976518882258,0.17216585353245575
Com fed funds (7 var.),PIB real,12,-0.20325658648913925,0.0034971443300985954,0.1747603529182384
Com fed funds (7 var.),PIB real,13,-0.1977398336456573,-0.0013031777294457575,0.1808691401808136
Com fed funds (7 var.),PIB real,14,-0.1948434720055332,0.004579239044786118,0.1812961823927801
Com fed funds (7 var.),PIB real,15,-0.19461142248305077,0.001649588508424434,0.18563155986490854
Com fed funds (7 var.),PIB real,16,-0.20256484842459624,-0.005291289074496795,0.18069602464262027
Com fed funds (7 var.),PIB real,17,-0.2076100472514271,-0.00663049532958873,0.185244694968414
Com fed funds (7 var.),PIB real,18,-0.2039775433806503,-0.0076648614866177325,0.1889875701598427
Com fed funds (7 var.),PIB real,19,-0.19895384114761983,-0.008730032933554552,0.18735694783889908
Com fed funds (7 var.),PIB real,20,-0.20139819340711174,-0.008750934083345634,0.1776135016517829
Com fed funds (7 var.),PIB real,21,-0.20605963011707237,-0.01316640560096433,0.17804860416026225
Com fed funds (7 var.),PIB real,22,-0.20603484982754658,-0.009708040954416283,0.17444300488635203
Com fed funds (7 var.),PIB real,23,-0.20657675835781095,-0.013693244653351797,0.17158827551775344
Com fed funds (7 var.),PIB real,24,-0.20717972552745417,-0.01758303376929181,0.1708094576432663
Com fed funds (7 var.),PIB real,25,-0.20744691017468445,-0.02508300572929395,0.16774513326237073
Com fed funds (7 var.),PIB real,26,-0.2081868870374208,-0.032531486111256475,0.16380134134542873
Com fed funds (7 var.),PIB real,27,-0.2126323188052626,-0.036568433428818874,0.16312365672988607
Com fed funds (7 var.),PIB real,28,-0.21267862121664408,-0.03573820542241918,0.16233392835054553
Com fed funds (7 var.),PIB real,29,-0.21222228640744084,-0.037204566576196516,0.15700287427349882
Com fed funds (7 var.),PIB real,30,-0.21249945698430261,-0.03695884375289269,0.15074734210048127
Com fed funds (7 var.),PIB real,31,-0.21292488926934408,-0.040182787899261975,0.1481995535161942
Com fed funds (7 var.),PIB real,32,-0.20789087994987232,-0.047659233534760204,0.14841481602373172
Com fed funds (7 var.),PIB real,33,-0.21183816297139407,-0.05030048216049093,0.14941671611377313
Com fed funds (7 var.),PIB real,34,-0.21142591648967324,-0.052084324395795994,0.14775775896164106
Com fed funds (7 var.),PIB real,35,-0.20580197340230713,-0.0493031767772592,0.14809546066354595
Com fed funds (7 var.),PIB real,36,-0.20310648996036604,-0.05136445868124186,0.15031527214897983
Com fed funds (7 var.),PIB real,37,-0.19879499435854558,-0.055823497391432886,0.15322904909925575
Com fed funds (7 var.),PIB real,38,-0.19792585340788643,-0.057597251893115896,0.15358590074197656
Com fed funds (7 var.),PIB real,39,-0.2002120786987228,-0.05536850503266688,0.15455175459019124
Com fed funds (7 var.),PIB real,40,-0.20250203297076402,-0.057542259689494606,0.1551433514212045
Com fed funds (7 var.),PIB real,41,-0.20228865367659718,-0.052194677144290325,0.15451983689136234
Com fed funds (7 var.),PIB real,42,-0.2004198404163422,-0.05143480334750802,0.15594786527771384
Com fed funds (7 var.),PIB real,43,-0.1997066029047495,-0.05239378070913009,0.15926781519898153
Com fed funds (7 var.),PIB real,44,-0.20142466926741912,-0.050172834468160975,0.16024455841775276
Com fed funds (7 var.),PIB real,45,-0.2018782421091574,-0.04948372980506344,0.15973432932167556
Com fed funds (7 var.),PIB real,46,-0.20420841225399392,-0.044718776005053085,0.1619199425848534
Com fed funds (7 var.),PIB real,47,-0.20716154820274343,-0.04253751543759481,0.1642424944506187
Com fed funds (7 var.),PIB real,48,-0.20890701453812388,-0.04116279547232093,0.16483345703538702
Com fed funds (7 var.),PIB real,49,-0.21105250780659848,-0.038474697602213795,0.16785306186149096
Com fed funds (7 var.),PIB real,50,-0.213930146102724,-0.03731984019506374,0.16840934852805953
Com fed funds (7 var.),PIB real,51,-0.21373432216093302,-0.03716122104680186,0.16828084701233592
Com fed funds (7 var.),PIB real,52,-0.21134108645302666,-0.038490365976427,0.17446104081349623
Com fed funds (7 var.),PIB real,53,-0.2126084039023763,-0.036546923151192845,0.1771737684552935
Com fed funds (7 var.),PIB real,54,-0.21124751428799024,-0.03501941769088103,0.1758993122389674
Com fed funds (7 var.),PIB real,55,-0.21182534668911868,-0.034453398790287124,0.1837496869445906
Com fed funds (7 var.),PIB real,56,-0.2101815613821889,-0.034724522753810494,0.19607099800965777
Com fed funds (7 var.),PIB real,57,-0.20919543931070433,-0.033284271326422844,0.20130785292357847
Com fed funds (7 var.),PIB real,58,-0.20918839827417335,-0.03359564877173797,0.19898977520019465
Com fed funds (7 var.),PIB real,59,-0.21013552986109943,-0.03512983915024838,0.1993762625368686
Com fed funds (7 var.),PIB real,60,-0.20941638396127082,-0.03388546866232199,0.19885518447911932
Com dummies no prior,PIB real,0,-0.014294785293068813,0.0751177306853877,0.14181611384708587
Com dummies no prior,PIB real,1,-0.033110215048823485,0.05571139977422289,0.11382030300341031
Com dummies no prior,PIB real,2,-0.039534300189052886,0.05435861343153427,0.12558433567745242
Com dummies no prior,PIB real,3,-0.055251237422861546,0.057695609842932115,0.14509222058395893
Com dummies no prior,PIB real,4,-0.06242044601329011,0.056535258691398096,0.15869705061496814
Com dummies no prior,PIB real,5,-0.058290206511733875,0.06776485488504137,0.1772702266824226
Com dummies no prior,PIB real,6,-0.05543745871219634,0.08061212606555693,0.19795728541410323
Com dummies no prior,PIB real,7,-0.04843542278914075,0.08837771133512849,0.20747440097010206
Com dummies no prior,PIB real,8,-0.040192706365524244,0.09791541278783972,0.21669003150913277
Com dummies no prior,PIB real,9,-0.03293629998140196,0.1129659433948905,0.23160998934069094
Com dummies no prior,PIB real,10,-0.024552517558650764,0.12101500242818694,0.24411496876020994
Com dummies no prior,PIB real,11,-0.016883695384719215,0.1261565958300439,0.24826323062448993
Com dummies no prior,PIB real,12,-0.015835577890500663,0.12734958916881145,0.24927473905391634
Com dummies no prior,PIB real,13,-0.011638014410318198,0.1263105439973327,0.24618257913445082
Com dummies no prior,PIB real,14,-0.012191775149172263,0.11952566420646123,0.24505759924361678
Com dummies no prior,PIB real,15,-0.008628224885049137,0.11611972798067656,0.23941695318387893
Com dummies no prior,PIB real,16,-0.009762912894730233,0.11244542931659737,0.2311970725599657
Com dummies no prior,PIB real,17,-0.010629456428346031,0.10720090447340948,0.22409373351959522
Com dummies no prior,PIB real,18,-0.01061203385572809,0.10355229961471982,0.21488075059492825
Com dummies no prior,PIB real,19,-0.014404868269553185,0.10191345670772645,0.21121226601856816
Com dummies no prior,PIB real,20,-0.014887980187739524,0.10064287981020283,0.20819782801800643
Com dummies no prior,PIB real,21,-0.020809485819957268,0.0993129953074792,0.19857528557307572
Com dummies no prior,PIB real,22,-0.02187789188280859,0.09506947969744463,0.19452098486985836
Com dummies no prior,PIB real,23,-0.02849776333571661,0.09329754498115546,0.18931281011962137
Com dummies no prior,PIB real,24,-0.03656029900650521,0.08956204239071938,0.18285837859971157
Com dummies no prior,PIB real,25,-0.028566188367402573,0.08767875396804647,0.1831474192572996
Com dummies no prior,PIB real,26,-0.030851351833396153,0.08353621237235548,0.1821032407786505
Com dummies no prior,PIB real,27,-0.03390596863136697,0.08014310832212565,0.18018133465953934
Com dummies no prior,PIB real,28,-0.03658645329518358,0.07606219808624354,0.180124113597051
Com dummies no prior,PIB real,29,-0.03918324891880994,0.07685090910850872,0.1814074731469037
Com dummies no prior,PIB real,30,-0.041742853837042494,0.07293713439765909,0.17895825508995372
Com dummies no prior,PIB real,31,-0.04414969381693486,0.07481831117558618,0.17890851352795145
Com dummies no prior,PIB real,32,-0.04663549973889318,0.07352967982787793,0.1778399498620498
Com dummies no prior,PIB real,33,-0.04904774967769329,0.07430251128302097,0.17598607670956137
Com dummies no prior,PIB real,34,-0.05041279779059332,0.07032575944388758,0.17318970102637582
Com dummies no prior,PIB real,35,-0.05406598248240667,0.0674465671995893,0.17440319646101762
Com dummies no prior,PIB real,36,-0.05810133294332855,0.06744395832773227,0.1773210139235319
Com dummies no prior,PIB real,37,-0.05943514779597222,0.06827048388439697,0.1732784255075471
Com dummies no prior,PIB real,38,-0.06092685090506413,0.06768580786057328,0.17484938517127388
Com dummies no prior,PIB real,39,-0.06331794090482654,0.06754581983864068,0.17704390793681404
Com dummies no prior,PIB real,40,-0.06310267433273418,0.06956887935479468,0.17956585859438642
Com dummies no prior,PIB real,41,-0.0633254920805793,0.06973613037523552,0.1793271907432235
Com dummies no prior,PIB real,42,-0.062061640231141434,0.06982527555010837,0.18107913882463414
Com dummies no prior,PIB real,43,-0.06095111647105383,0.06981936754819854,0.18037860834198383
Com dummies no prior,PIB real,44,-0.062200078878127604,0.06866986650172294,0.17913333056055575
Com dummies no prior,PIB real,45,-0.06384087498525855,0.06649055373271585,0.17845466049150846
Com dummies no prior,PIB real,46,-0.06288428773155613,0.06833008772486121,0.17532795897388231
Com dummies no prior,PIB real,47,-0.0621092826423038,0.06901250094131663,0.175042975873338
Com dummies no prior,PIB real,48,-0.061331708038722996,0.0674467660807371,0.17499596552212263
Com dummies no prior,PIB real,49,-0.06247891266782985,0.06964519153707938,0.1751830680374389
Com dummies no prior,PIB real,50,-0.06459645269653615,0.07284233297281073,0.17635476161567085
Com dummies no prior,PIB real,51,-0.06636446983677893,0.071956604612957345,0.17790042418547056
Com dummies no prior,PIB real,52,-0.06717562492827482,0.07183351526769795,0.1799824306825652
Com dummies no prior,PIB real,53,-0.07083567085754139,0.07166350370121187,0.18536377689582206
Com dummies no prior,PIB real,54,-0.07142622588216098,0.07225444363844497,0.18959592410959974
Com dummies no prior,PIB real,55,-0.0726680888018861,0.07323499327396255,0.19064528049164417
Com dummies no prior,PIB real,56,-0.07458958109866246,0.07319887665896947,0.19111928363508532
Com dummies no prior,PIB real,57,-0.07642574342915129,0.07301280447939418,0.1921047604871343
Com dummies no prior,PIB real,58,-0.07881196959430549,0.07174655455162321,0.19178976668052533
Com dummies no prior,PIB real,59,-0.08052646338331808,0.07119746218408628,0.19141727965599206
Com dummies no prior,PIB real,60,-0.08041044243276779,0.06981426207241871,0.19327198449712502
