date,m1
1990-01-01,122173
1990-02-01,122593
1990-03-01,123363
1990-04-01,123241
1990-05-01,123893
1990-06-01,123019
1990-07-01,121857
1990-08-01,122035
1990-09-01,121651
1990-10-01,122731
1990-11-01,123767
1990-12-01,125114
1991-01-01,126541
1991-02-01,126565
1991-03-01,127798
1991-04-01,128147
1991-05-01,129345
1991-06-01,128764
1991-07-01,130160
1991-08-01,129928
1991-09-01,129273
1991-10-01,128908
1991-11-01,130360
1991-12-01,131166
1992-01-01,131385
1992-02-01,131871
1992-03-01,132511
1992-04-01,132833
1992-05-01,133241
1992-06-01,132825
1992-07-01,134117
1992-08-01,135001
1992-09-01,137031
1992-10-01,137239
1992-11-01,137354
1992-12-01,136592
1993-01-01,136373
1993-02-01,136168
1993-03-01,136031
1993-04-01,136141
1993-05-01,138417
1993-06-01,141466
1993-07-01,141455
1993-08-01,143002
1993-09-01,145372
1993-10-01,145483
1993-11-01,146640
1993-12-01,148243
1994-01-01,149824
1994-02-01,152136
1994-03-01,153076
1994-04-01,153970
1994-05-01,153906
1994-06-01,153745
1994-07-01,154311
1994-08-01,153454
1994-09-01,152752
1994-10-01,153489
1994-11-01,152866
1994-12-01,153048
1995-01-01,154004
1995-02-01,152998
1995-03-01,152863
1995-04-01,153054
1995-05-01,151515
1995-06-01,152645
1995-07-01,153499
1995-08-01,154309
1995-09-01,155578
1995-10-01,156523
1995-11-01,156789
1995-12-01,157156
1996-01-01,157534
1996-02-01,159556
1996-03-01,162558
1996-04-01,162854
1996-05-01,165283
1996-06-01,167373
1996-07-01,167375
1996-08-01,168533
1996-09-01,169398
1996-10-01,171966
1996-11-01,174162
1996-12-01,175978
1997-01-01,177158
1997-02-01,179569
1997-03-01,180693
1997-04-01,182261
1997-05-01,183648
1997-06-01,185297
1997-07-01,186033
1997-08-01,188111
1997-09-01,188084
1997-10-01,189478
1997-11-01,192253
1997-12-01,193323
1998-01-01,195027
1998-02-01,194658
1998-03-01,195396
1998-04-01,195251
1998-05-01,196723
1998-06-01,196538
1998-07-01,198291
1998-08-01,199524
1998-09-01,200328
1998-10-01,200787
1998-11-01,200559
1998-12-01,200484
1999-01-01,202763
1999-02-01,203817
1999-03-01,204180
1999-04-01,206240
1999-05-01,208052
1999-06-01,207591
1999-07-01,209232
1999-08-01,211231
1999-09-01,211581
1999-10-01,212416
1999-11-01,213541
1999-12-01,215489
2000-01-01,216688
2000-02-01,221673
2000-03-01,225082
2000-04-01,228485
2000-05-01,228101
2000-06-01,230062
2000-07-01,231897
2000-08-01,232699
2000-09-01,235280
2000-10-01,237172
2000-11-01,238162
2000-12-01,241495
2001-01-01,241236
2001-02-01,244021
2001-03-01,246074
2001-04-01,247510
2001-05-01,251786
2001-06-01,250389
2001-07-01,252626
2001-08-01,253387
2001-09-01,259557
2001-10-01,260571
2001-11-01,265155
2001-12-01,269505
2002-01-01,271787
2002-02-01,272881
2002-03-01,274278
2002-04-01,275020
2002-05-01,275200
2002-06-01,277003
2002-07-01,278738
2002-08-01,281298
2002-09-01,282817
2002-10-01,284626
2002-11-01,284463
2002-12-01,283074
2003-01-01,283707
2003-02-01,283112
2003-03-01,283057
2003-04-01,282288
2003-05-01,284292
2003-06-01,286165
2003-07-01,291375
2003-08-01,293614
2003-09-01,294963
2003-10-01,294154
2003-11-01,295696
2003-12-01,297280
2004-01-01,300740
2004-02-01,303689
2004-03-01,306122
2004-04-01,309306
2004-05-01,313952
2004-06-01,315344
2004-07-01,315878
2004-08-01,316026
2004-09-01,316179
2004-10-01,317248
2004-11-01,317483
2004-12-01,321653
2005-01-01,324382
2005-02-01,326783
2005-03-01,328193
2005-04-01,330593
2005-05-01,333187
2005-06-01,333710
2005-07-01,332110
2005-08-01,331882
2005-09-01,335806
2005-10-01,337808
2005-11-01,338801
2005-12-01,340190
2006-01-01,343239
2006-02-01,348088
2006-03-01,350940
2006-04-01,353340
2006-05-01,358142
2006-06-01,359272
2006-07-01,362166
2006-08-01,364164
2006-09-01,367115
2006-10-01,369905
2006-11-01,374316
2006-12-01,376251
2007-01-01,378011
2007-02-01,380869
2007-03-01,384263
2007-04-01,387519
2007-05-01,390086
2007-06-01,393690
2007-07-01,397349
2007-08-01,400030
2007-09-01,402146
2007-10-01,397987
2007-11-01,399783
2007-12-01,402643
2008-01-01,406328
2008-02-01,408334
2008-03-01,411393
2008-04-01,414350
2008-05-01,422241
2008-06-01,424607
2008-07-01,426536
2008-08-01,429610
2008-09-01,435155
2008-10-01,440703
2008-11-01,447092
2008-12-01,451954
2009-01-01,454170
2009-02-01,455009
2009-03-01,459321
2009-04-01,465497
2009-05-01,470097
2009-06-01,472537
2009-07-01,480489
2009-08-01,488209
2009-09-01,491861
2009-10-01,497395
2009-11-01,504477
2009-12-01,506972
2010-01-01,509659
2010-02-01,516825
2010-03-01,519057
2010-04-01,523070
2010-05-01,530994
2010-06-01,532427
2010-07-01,535744
2010-08-01,536540
2010-09-01,540594
2010-10-01,543676
2010-11-01,546230
2010-12-01,550280
2011-01-01,553112
2011-02-01,556445
2011-03-01,558922
2011-04-01,559941
2011-05-01,562807
2011-06-01,567932
2011-07-01,571598
2011-08-01,574604
2011-09-01,588000
2011-10-01,593573
2011-11-01,594149
2011-12-01,596155
2012-01-01,607058
2012-02-01,608998
2012-03-01,611193
2012-04-01,618802
2012-05-01,625973
2012-06-01,632008
2012-07-01,636160
2012-08-01,637607
2012-09-01,636174
2012-10-01,636379
2012-11-01,642870
2012-12-01,645790
2013-01-01,649357
2013-02-01,662746
2013-03-01,669691
2013-04-01,672515
2013-05-01,672589
2013-06-01,676324
2013-07-01,679369
2013-08-01,684908
2013-09-01,687343
2013-10-01,691851
2013-11-01,699625
2013-12-01,705300
2014-01-01,713601
2014-02-01,714033
2014-03-01,717899
2014-04-01,717214
2014-05-01,723029
2014-06-01,725893
2014-07-01,728370
2014-08-01,735188
2014-09-01,740468
2014-10-01,747696
2014-11-01,749238
2014-12-01,753656
2015-01-01,755073
2015-02-01,762334
2015-03-01,766809
2015-04-01,771243
2015-05-01,774070
2015-06-01,781445
2015-07-01,792650
2015-08-01,800711
2015-09-01,806454
2015-10-01,809158
2015-11-01,813116
2015-12-01,815904
2016-01-01,823196
2016-02-01,829780
2016-03-01,831456
2016-04-01,834127
2016-05-01,839032
2016-06-01,844136
2016-07-01,859064
2016-08-01,866311
2016-09-01,875023
2016-10-01,882873
2016-11-01,889112
2016-12-01,894327
2017-01-01,907722
2017-02-01,903734
2017-03-01,912897
2017-04-01,926328
2017-05-01,937652
2017-06-01,943034
2017-07-01,945318
2017-08-01,944799
2017-09-01,946322
2017-10-01,952238
2017-11-01,954499
2017-12-01,965481
2018-01-01,963206
2018-02-01,964215
2018-03-01,970515
2018-04-01,973971
2018-05-01,973102
2018-06-01,981100
2018-07-01,981462
2018-08-01,985041
2018-09-01,989883
2018-10-01,991964
2018-11-01,999541
2018-12-01,1010018
2019-01-01,1005281
2019-02-01,998310
2019-03-01,1004632
2019-04-01,1011221
2019-05-01,1022034
2019-06-01,1028655
2019-07-01,1040245
2019-08-01,1049131
2019-09-01,1059748
2019-10-01,1065415
2019-11-01,1072244
2019-12-01,1086012
2020-01-01,1095187
2020-02-01,1115462
2020-03-01,1159645
2020-04-01,1203619
2020-05-01,1237240
2020-06-01,1270628
2020-07-01,1294656
2020-08-01,1327468
2020-09-01,1350521
2020-10-01,1376750
2020-11-01,1393834
2020-12-01,1400534
2021-01-01,1415885
2021-02-01,1436556
2021-03-01,1458000
2021-04-01,1490364
2021-05-01,1522480
2021-06-01,1542375
2021-07-01,1565475
2021-08-01,1581188
2021-09-01,1585032
2021-10-01,1585912
2021-11-01,1602360
2021-12-01,1598813
2022-01-01,1613079
2022-02-01,1619603
2022-03-01,1623281
2022-04-01,1621029
2022-05-01,1624351
2022-06-01,1622431
2022-07-01,1614924
2022-08-01,1592516
2022-09-01,1592491
2022-10-01,1566601
2022-11-01,1549934
2022-12-01,1539595
2023-01-01,1530037
2023-02-01,1521556
2023-03-01,1512603
2023-04-01,1506818
2023-05-01,1502265
2023-06-01,1502927
2023-07-01,1512429
2023-08-01,1513700
2023-09-01,1514737
2023-10-01,1508787
2023-11-01,1511299
2023-12-01,1494460
2024-01-01,1489542
2024-02-01,1496458
2024-03-01,1509973
2024-04-01,1527697
2024-05-01,1541340
2024-06-01,1553524
2024-07-01,1561834
2024-08-01,1562812
2024-09-01,1572718
2024-10-01,1590547
2024-11-01,1603992
2024-12-01,1612991
2025-01-01,1634298
2025-02-01,1641926
2025-03-01,1649599
2025-04-01,1654377
2025-05-01,1665762
2025-06-01,1676819
2025-07-01,1687204
2025-08-01,1705107
2025-09-01,1711845
2025-10-01,1728393
2025-11-01,1741368
2025-12-01,1737393
2026-01-01,1742410
2026-02-01,1751500
2026-03-01,1758275
2026-04-01,1770439
2026-05-01,1785441
2026-06-01,1800198
2026-07-01,1814183
