date,pib
1997-01-01,1200427
1997-02-01,1207984
1997-03-01,1207836
1997-04-01,1216027
1997-05-01,1220355
1997-06-01,1222650
1997-07-01,1235807
1997-08-01,1237361
1997-09-01,1239488
1997-10-01,1244300
1997-11-01,1245279
1997-12-01,1256596
1998-01-01,1251276
1998-02-01,1263285
1998-03-01,1267784
1998-04-01,1268479
1998-05-01,1266172
1998-06-01,1265876
1998-07-01,1265509
1998-08-01,1277712
1998-09-01,1281876
1998-10-01,1287736
1998-11-01,1291195
1998-12-01,1303212
1999-01-01,1307658
1999-02-01,1313944
1999-03-01,1314242
1999-04-01,1323164
1999-05-01,1325374
1999-06-01,1334509
1999-07-01,1341912
1999-08-01,1348795
1999-09-01,1357768
1999-10-01,1361723
1999-11-01,1373037
1999-12-01,1382070
2000-01-01,1389075
2000-02-01,1389135
2000-03-01,1400565
2000-04-01,1398972
2000-05-01,1406793
2000-06-01,1411961
2000-07-01,1415071
2000-08-01,1420264
2000-09-01,1422834
2000-10-01,1425565
2000-11-01,1426613
2000-12-01,1430277
2001-01-01,1430465
2001-02-01,1430086
2001-03-01,1430984
2001-04-01,1429758
2001-05-01,1435864
2001-06-01,1434670
2001-07-01,1432538
2001-08-01,1437285
2001-09-01,1429507
2001-10-01,1435965
2001-11-01,1445138
2001-12-01,1443458
2002-01-01,1458948
2002-02-01,1466791
2002-03-01,1465211
2002-04-01,1475574
2002-05-01,1477787
2002-06-01,1479462
2002-07-01,1485217
2002-08-01,1490765
2002-09-01,1487347
2002-10-01,1496308
2002-11-01,1495605
2002-12-01,1491093
2003-01-01,1498814
2003-02-01,1502703
2003-03-01,1501137
2003-04-01,1496182
2003-05-01,1500560
2003-06-01,1504985
2003-07-01,1512785
2003-08-01,1498298
2003-09-01,1516781
2003-10-01,1523419
2003-11-01,1525034
2003-12-01,1531448
2004-01-01,1534133
2004-02-01,1533153
2004-03-01,1546782
2004-04-01,1550713
2004-05-01,1552199
2004-06-01,1559745
2004-07-01,1561166
2004-08-01,1567772
2004-09-01,1572150
2004-10-01,1572634
2004-11-01,1578521
2004-12-01,1578808
2005-01-01,1586464
2005-02-01,1587514
2005-03-01,1582075
2005-04-01,1593743
2005-05-01,1600541
2005-06-01,1605305
2005-07-01,1609419
2005-08-01,1615485
2005-09-01,1616815
2005-10-01,1622249
2005-11-01,1631120
2005-12-01,1639741
2006-01-01,1643777
2006-02-01,1647376
2006-03-01,1651113
2006-04-01,1651447
2006-05-01,1652209
2006-06-01,1649492
2006-07-01,1652499
2006-08-01,1653687
2006-09-01,1651259
2006-10-01,1653852
2006-11-01,1657476
2006-12-01,1667863
2007-01-01,1664270
2007-02-01,1672314
2007-03-01,1675800
2007-04-01,1677975
2007-05-01,1685392
2007-06-01,1690289
2007-07-01,1690162
2007-08-01,1695381
2007-09-01,1692836
2007-10-01,1694950
2007-11-01,1697058
2007-12-01,1691174
2008-01-01,1698880
2008-02-01,1696406
2008-03-01,1700023
2008-04-01,1704115
2008-05-01,1704579
2008-06-01,1708443
2008-07-01,1716325
2008-08-01,1715409
2008-09-01,1716204
2008-10-01,1714704
2008-11-01,1697771
2008-12-01,1674768
2009-01-01,1666991
2009-02-01,1658505
2009-03-01,1645177
2009-04-01,1639899
2009-05-01,1638174
2009-06-01,1639999
2009-07-01,1642487
2009-08-01,1641555
2009-09-01,1653564
2009-10-01,1654908
2009-11-01,1664123
2009-12-01,1668363
2010-01-01,1678021
2010-02-01,1686248
2010-03-01,1694010
2010-04-01,1691697
2010-05-01,1698996
2010-06-01,1703350
2010-07-01,1705789
2010-08-01,1711006
2010-09-01,1710945
2010-10-01,1719924
2010-11-01,1728219
2010-12-01,1740477
2011-01-01,1746417
2011-02-01,1743481
2011-03-01,1749013
2011-04-01,1749342
2011-05-01,1745554
2011-06-01,1753173
2011-07-01,1765092
2011-08-01,1773823
2011-09-01,1778505
2011-10-01,1778220
2011-11-01,1780181
2011-12-01,1788771
2012-01-01,1787361
2012-02-01,1782919
2012-03-01,1787629
2012-04-01,1794004
2012-05-01,1797035
2012-06-01,1798097
2012-07-01,1801767
2012-08-01,1799507
2012-09-01,1799362
2012-10-01,1798607
2012-11-01,1807197
2012-12-01,1807020
2013-01-01,1817341
2013-02-01,1822625
2013-03-01,1828781
2013-04-01,1831872
2013-05-01,1836789
2013-06-01,1830069
2013-07-01,1840589
2013-08-01,1848660
2013-09-01,1854965
2013-10-01,1865044
2013-11-01,1869704
2013-12-01,1862085
2014-01-01,1863016
2014-02-01,1872372
2014-03-01,1877319
2014-04-01,1881089
2014-05-01,1892936
2014-06-01,1901582
2014-07-01,1904231
2014-08-01,1900243
2014-09-01,1907853
2014-10-01,1913336
2014-11-01,1914595
2014-12-01,1917540
2015-01-01,1909565
2015-02-01,1906992
2015-03-01,1905893
2015-04-01,1905308
2015-05-01,1904276
2015-06-01,1909478
2015-07-01,1914310
2015-08-01,1918420
2015-09-01,1910549
2015-10-01,1912416
2015-11-01,1917017
2015-12-01,1919231
2016-01-01,1930936
2016-02-01,1925200
2016-03-01,1917977
2016-04-01,1922218
2016-05-01,1911266
2016-06-01,1920413
2016-07-01,1931752
2016-08-01,1936249
2016-09-01,1941208
2016-10-01,1940191
2016-11-01,1947487
2016-12-01,1952976
2017-01-01,1962155
2017-02-01,1969469
2017-03-01,1977866
2017-04-01,1987063
2017-05-01,1991768
2017-06-01,1996318
2017-07-01,1995107
2017-08-01,1993806
2017-09-01,1999292
2017-10-01,2000229
2017-11-01,2010076
2017-12-01,2015284
2018-01-01,2021609
2018-02-01,2031970
2018-03-01,2039998
2018-04-01,2039816
2018-05-01,2046802
2018-06-01,2049081
2018-07-01,2053571
2018-08-01,2055624
2018-09-01,2059043
2018-10-01,2063564
2018-11-01,2060609
2018-12-01,2063997
2019-01-01,2067734
2019-02-01,2061072
2019-03-01,2072695
2019-04-01,2085981
2019-05-01,2092171
2019-06-01,2095977
2019-07-01,2097018
2019-08-01,2097194
2019-09-01,2098648
2019-10-01,2100483
2019-11-01,2100304
2019-12-01,2110627
2020-01-01,2111589
2020-02-01,2116017
2020-03-01,1956479
2020-04-01,1747938
2020-05-01,1828028
2020-06-01,1936321
2020-07-01,1986120
2020-08-01,2005910
2020-09-01,2024699
2020-10-01,2037348
2020-11-01,2051205
2020-12-01,2056758
2021-01-01,2068509
2021-02-01,2071653
2021-03-01,2093651
2021-04-01,2072052
2021-05-01,2067784
2021-06-01,2087291
2021-07-01,2101493
2021-08-01,2119124
2021-09-01,2129287
2021-10-01,2147254
2021-11-01,2157217
2021-12-01,2166129
2022-01-01,2160859
2022-02-01,2183889
2022-03-01,2196942
2022-04-01,2197345
2022-05-01,2202456
2022-06-01,2211634
2022-07-01,2214919
2022-08-01,2221513
2022-09-01,2226368
2022-10-01,2223909
2022-11-01,2221392
2022-12-01,2214902
2023-01-01,2236190
2023-02-01,2243830
2023-03-01,2250566
2023-04-01,2250710
2023-05-01,2251250
2023-06-01,2248378
2023-07-01,2250903
2023-08-01,2251926
2023-09-01,2251153
2023-10-01,2253540
2023-11-01,2259470
2023-12-01,2256668
2024-01-01,2262764
2024-02-01,2276470
2024-03-01,2277491
2024-04-01,2285643
2024-05-01,2289038
2024-06-01,2294051
2024-07-01,2298623
2024-08-01,2301315
2024-09-01,2307523
2024-10-01,2317073
2024-11-01,2312337
2024-12-01,2317000
2025-01-01,2329713
2025-02-01,2326072
2025-03-01,2330230
2025-04-01,2328390
2025-05-01,2324814
2025-06-01,2322727
2025-07-01,2338957
2025-08-01,2337688
2025-09-01,2342161
2025-10-01,2336171
2025-11-01,2338062
2025-12-01,2340690
2026-01-01,2340294
2026-02-01,2344080
2026-03-01,2340472
2026-04-01,2355245
2026-05-01,2363056
2026-06-01,2369309
